"potions","history","herbology","darkarts","flying","spells","survived","magic_knowledge","magic_skills"
72,44,67,60,57,68,0,-0.449818934336878,-0.731501705166397
44,69,77,82,72,95,1,0.00820323745047444,0.377657349715359
100,94,100,72,74,81,1,1.24123098837157,0.631477857339643
66,53,53,75,51,62,1,-0.608378270368565,-0.348577615696724
79,81,81,60,59,57,1,0.869796526708282,-0.389583008963302
57,66,53,90,77,79,1,-0.234637167716572,0.394188470506496
45,35,50,39,57,47,0,-1.2571856213173,-1.17839895534728
60,51,56,67,81,76,1,-0.792343516587492,0.404509419637841
73,85,68,74,59,93,1,0.431681655307614,-0.394569051816845
86,81,68,74,71,62,1,0.873769273132979,0.253557832211779
86,89,77,81,77,74,1,1.13487011302674,0.385673574695578
41,65,65,79,78,95,1,-0.675324278915242,1.00887986310077
65,83,68,63,64,65,1,1.03793663447085,-0.963623394474244
73,64,86,56,61,74,1,0.00943992158084307,-0.687334623983548
81,82,80,87,72,51,1,0.146911583962737,-0.0231091483061399
55,66,63,59,76,55,1,-0.706827658125016,-0.270697131315047
74,66,77,72,57,62,1,1.00434123838897,0.0177319780517674
70,54,53,73,81,64,1,-0.328978532439057,0.185380335859377
54,66,46,74,79,93,1,-0.531690532946745,0.229119116268579
83,68,66,82,77,80,1,0.45526783060496,1.06157527590119
56,71,78,47,43,61,0,-0.94277667328504,-1.21861105427377
76,98,58,56,68,83,1,1.50675467640618,-0.848857323721526
76,53,60,81,88,70,1,-1.0723536381011,0.324730437690313
78,48,66,39,56,68,0,-0.435891844025564,-1.34114680362077
100,81,83,73,62,59,1,0.87378062374655,-0.678407492818895
78,90,81,70,94,90,1,0.763243948878071,1.15175288759713
99,74,81,84,75,73,1,2.24134059680746,0.536503507415622
44,31,70,83,73,65,0,-2.13705153512582,-0.235777191332864
67,59,67,56,59,48,0,-0.823614762084783,-0.922025504650268
59,69,68,69,66,66,1,-0.174397802462341,-0.44886301189543
83,63,68,51,57,72,1,-0.197608138022679,-0.800706828514796
68,60,68,71,70,65,1,-0.335141207631048,-0.191391490396032
26,34,46,28,47,55,0,-2.13332218644127,-1.50384602779563
54,44,53,77,81,44,1,-1.5244537162254,0.493958819693159
69,63,70,69,74,80,1,-0.957856773730909,0.178847819869812
71,77,87,63,63,87,1,0.645738776370577,-0.656056734347082
88,69,68,36,64,76,0,-0.175530896408218,-1.19072799675554
67,67,82,72,71,56,1,-0.0203739280192681,0.791494633463807
62,61,78,78,72,56,1,0.221868711541885,0.699661064971624
35,49,70,29,57,70,0,-1.78410921531569,-1.35012554882766
92,70,97,80,86,84,1,-0.1850962159415,0.730464554629594
63,75,69,8,39,53,0,-0.464856293356796,-2.50176940850847
70,74,79,55,54,54,0,-0.613892521172352,-0.852465599470689
57,64,62,74,73,65,1,-0.478539374074523,-0.0122025766897755
68,82,74,83,60,59,1,-0.170182315921459,-0.0214786701911995
57,76,53,89,85,44,1,0.569916039365175,0.260034439058655
49,68,57,68,81,98,1,-0.624249668848553,1.05112296911483
73,64,83,74,69,50,1,-0.712456952053349,-0.350294522547076
48,55,70,69,61,54,1,-0.0380517732926184,-0.47343642557948
82,69,75,67,71,81,1,0.304831734742883,0.525064976562339
61,85,68,74,67,77,1,0.329644117151476,0.427875001229909
84,76,66,67,64,56,1,0.429905253361758,-0.462437628117937
67,76,60,63,69,78,1,0.171542205880841,0.584133081317665
59,72,73,56,46,51,0,-1.12443912251585,-1.23152366469888
49,38,26,74,72,61,0,-2.00404915881473,0.0635609095334533
77,82,55,71,60,70,1,1.38791139424038,-0.641857550279615
50,52,55,81,78,73,1,-1.39427150427908,0.571664473898744
61,61,90,81,79,81,1,-0.08786425410195,0.665786907735295
57,83,66,76,76,67,1,0.3193300027812,0.473046770986745
76,79,77,70,52,52,1,0.583612421720161,-0.331000099580917
64,64,70,62,56,69,1,-0.294274607914621,-0.737419610931391
60,60,47,82,64,53,1,-0.668438592304695,-0.0134423512605208
95,79,81,51,60,92,1,0.644275951542682,-0.648761598954804
59,58,78,72,71,58,0,-1.50870872376474,-0.139921469945783
57,60,68,84,96,100,1,-1.29679249532046,1.25761997132655
69,65,98,74,65,60,1,-0.021029178745021,-0.547233001252039
52,64,58,43,60,67,0,-0.3702373624957,-1.08516155366118
59,52,66,65,67,69,0,-0.798962037019769,-0.566793003054923
75,47,55,82,66,74,1,-1.54054040580738,0.0551047764972428
97,82,69,75,94,94,1,0.626484601182617,1.58869326408357
69,74,57,62,59,64,1,-0.282371967060928,-0.678435464803112
95,71,75,65,59,58,1,0.449983541013263,-0.893928359838442
67,72,53,73,77,69,1,-0.068701467139519,0.167702673771462
56,45,62,65,63,95,1,-1.20689126770684,-0.0835524628477138
62,54,52,90,69,71,1,-1.13503669474083,0.301369951318236
72,93,66,90,81,86,1,1.31119383183048,0.651895278452552
73,63,55,79,76,70,1,0.452493280987673,-0.120245631791588
78,64,57,76,71,81,1,-0.186210223422486,0.332949354723596
85,74,78,66,96,100,1,0.27831506091701,1.17743847257828
62,73,87,74,91,67,1,0.205225699404823,0.728095894610912
73,69,71,71,90,65,1,-0.740584318472987,0.4275162127011
96,63,79,73,85,55,1,0.941848838277141,0.536234554368467
78,77,47,64,66,75,1,0.31762897422892,-0.537768754596021
85,73,72,83,89,92,1,0.0483173961087587,1.05228791548329
77,71,85,85,79,95,1,0.0356172143687908,-0.0271149915176063
82,83,52,75,76,86,1,0.987005250943091,-0.00374945096330154
44,62,58,77,83,60,1,-0.672053299122292,1.08315611657697
49,45,41,85,70,60,0,-2.03427649038208,0.193945033623882
87,55,96,72,77,66,1,-0.0507321801256392,0.62026555116733
71,89,70,69,64,52,1,1.92008018601929,-0.697621104966814
88,100,74,36,44,72,1,1.68174878694434,-1.16027409907231
79,82,48,82,84,78,1,1.14556915062607,1.15720742446593
63,70,59,57,49,73,0,-1.07584419273199,-1.09077526949627
62,48,45,28,45,69,0,-0.564804457735064,-1.69729237041168
60,62,76,75,67,60,1,0.304272676543141,-0.17254962805531
38,60,63,72,77,55,0,-1.1250315105676,-0.343768156934137
57,33,66,45,46,51,0,-1.82840095554551,-1.37106251317794
49,68,73,70,63,63,0,-0.789753744206259,-0.922452828265342
79,72,52,69,79,78,1,-0.280373665849945,0.659931550466254
68,89,72,65,57,73,1,0.314479009104365,-0.738284198821209
54,54,65,42,51,39,0,-1.91201420470222,-1.27696145502533
55,25,68,82,84,68,1,-1.40115248560928,1.62811638070937
89,58,84,20,50,48,0,0.395156274161269,-1.94486641570203
99,94,100,89,84,100,1,1.92882439952282,1.6210859113844
59,69,53,87,87,83,1,-0.23584765327753,1.88130981892015
78,68,69,89,91,75,1,0.786012634352477,1.80688922632547
48,52,61,82,65,53,1,-0.384238229910482,0.156227187865674
67,84,73,34,51,75,0,0.268422295506526,-1.32848875126936
76,68,65,69,60,41,1,0.174813893904327,-0.184572202741841
95,100,88,79,83,74,1,1.63698097195287,0.774834669575008
64,73,86,23,42,80,0,-0.950661234440703,-1.77057346124427
64,62,69,74,61,62,1,-1.36472551519404,-0.0330369818440041
56,61,76,31,54,67,0,-0.772513877160131,-1.08321346425161
76,49,66,80,71,97,1,-0.665898331669331,0.198355069882141
72,58,69,43,53,58,0,-1.37916473365174,-1.17706886527299
68,95,70,83,87,72,1,0.214456081794435,1.6775908131179
84,100,81,66,61,96,1,1.62647786859607,0.0416583126320374
55,68,66,98,86,93,1,-0.293839010956778,0.711263776437921
69,66,67,44,66,73,0,-0.587121379766043,-1.00792437650477
68,68,64,76,60,73,1,-0.571811294585073,-0.270702043935323
74,65,67,90,100,95,1,-0.734300255719984,2.78162185843983
52,78,60,75,100,86,1,-0.073565762160857,2.11398972123342
67,68,49,22,37,52,0,-0.353614492010621,-1.48904143805835
79,67,70,74,60,50,1,-0.810655747945181,-0.495383825300773
77,85,79,72,58,54,1,-0.329818639836145,-0.657318794209995
63,84,65,81,63,77,1,0.455528146909747,0.534241163554979
74,66,59,79,67,69,1,-0.507427008944555,-0.548332564965427
64,82,73,80,74,85,1,0.738797820006265,-0.2633244130249
87,67,82,77,74,65,1,0.240378663584674,-0.0420954069310507
76,100,63,69,74,76,1,0.922585216088961,-0.0712559390906951
86,98,97,77,64,53,1,1.79653095307094,-0.179723945524399
76,75,93,81,87,80,1,0.41793424712982,0.996944688037998
100,75,75,39,47,51,0,0.225364973460953,-1.22683724389849
69,73,52,72,80,87,1,0.814792836835032,0.872634077130811
87,89,75,70,62,86,1,0.995430105786691,-0.642858103826948
80,74,78,69,82,90,1,0.160186548520945,1.14253813558582
50,54,70,27,55,63,0,-1.11968623500146,-1.33443950945728
83,97,93,74,64,49,1,1.66997532430373,-0.0918326086652963
62,63,78,80,72,68,1,-0.537649948860333,1.03213160424841
68,71,64,74,70,61,1,0.419965180546825,-0.195151552413811
90,73,83,85,100,81,1,1.09853709791683,2.01854619378043
100,71,97,75,67,88,1,1.26798131712361,-0.368052380108263
69,79,88,63,54,56,1,0.882350457197408,-0.663102369024862
100,87,100,87,85,67,1,2.34526085837603,0.48885122686104
68,76,84,84,75,59,1,0.319781124121859,0.430032116553097
44,26,72,70,90,58,1,-1.79335878082385,1.12471931758254
42,75,69,66,68,69,1,-0.0598326666816205,-0.672763909095531
55,55,59,71,71,43,1,-0.578041449701649,-0.491653424260278
57,62,53,58,62,71,1,-0.558529342085843,-0.170207673440162
67,76,51,67,65,74,1,-0.269896852247673,-0.693378660468346
88,70,63,69,79,83,1,0.159273423571921,1.26943159961225
81,91,73,69,58,43,1,1.28688919554418,-0.673748314029904
70,59,74,85,74,53,1,-0.0224408726122314,-0.162661369805922
73,81,100,73,78,48,1,0.0192039115223202,0.163138473056931
100,85,72,70,98,91,1,1.42402599705514,1.47731154613882
79,74,67,13,48,41,0,0.719479288271099,-1.852764171308
71,71,78,68,83,78,1,-0.133530118202736,0.110489308958523
74,79,40,74,55,71,1,-0.0583799154605785,0.125318423894771
75,84,78,85,68,62,1,0.47061184516702,-0.0867870297459743
74,67,65,55,49,94,1,0.0279438062331865,-0.577365660037443
65,80,88,42,45,75,0,-0.394561742135073,-1.29750221391515
64,78,65,61,61,65,0,-0.713823000083816,-0.798360586075117
98,74,81,86,70,68,1,1.03563309844357,0.310020161071615
67,66,63,83,80,62,1,0.978029155997892,0.937854798391619
53,54,40,16,49,56,0,-1.30496189961224,-1.48359387830752
73,67,84,75,78,88,1,0.0694143470924053,1.0187149640265
69,62,51,79,60,62,1,-0.360291515488372,-0.164935165217715
66,62,52,70,76,63,1,-0.111917646786738,0.0869365624864724
76,83,56,50,59,55,0,0.0855010943240299,-1.1868111998498
44,45,47,82,78,81,0,-1.26656157506358,-0.304508711226271
56,70,50,92,64,70,1,-0.615548512795138,0.555114216103657
63,67,51,76,100,76,1,-0.80779551364632,1.3876880602825
64,71,67,81,100,61,1,-0.179178277573832,2.76932363120409
56,67,48,78,73,78,1,0.302506682213129,0.422169972397182
80,89,80,55,56,54,1,1.10629527338167,-1.12372002617336
89,57,71,67,75,74,1,0.349941792840954,-0.249090557994344
62,71,81,23,46,41,0,-0.0499903558296039,-1.66415758273114
60,58,75,71,71,65,1,-1.08699877997191,-0.332013827356755
63,72,67,82,65,73,1,0.247919467254215,0.158635885431068
83,65,89,84,83,68,1,0.718350936868955,0.182873411339744
66,64,61,79,59,74,1,-0.689837219859608,-0.11784018036631
69,79,93,72,82,81,1,1.31127358886248,0.825777023974333
46,61,49,69,64,42,1,-1.10021449478996,-0.333084774860901
71,75,70,79,91,75,1,-0.661702529832797,1.00399018464817
75,82,68,76,79,46,1,0.379372201403607,0.809057153732977
48,49,38,80,83,63,1,-1.97376162676569,0.660446666925337
77,78,100,71,79,97,1,1.90113771145811,0.80371777824055
72,65,84,35,68,84,0,0.103255218406314,-1.14138214659723
98,84,86,84,66,86,1,2.1774548737065,-0.138172992509397
69,63,60,67,61,61,1,-0.414965610531761,-0.0129638321273151
83,85,90,76,95,65,1,1.72285090092169,1.84011060782186
55,58,72,97,86,58,1,-0.840757428613586,1.30678242864653
79,68,71,63,71,58,1,0.186783859814797,-0.298688794727314
96,100,49,83,91,81,1,2.5055064296608,1.41833718328227
86,64,75,11,41,23,0,-0.773969776863388,-1.77457371409462
89,76,81,86,72,92,1,1.00414352716234,-0.15902429024265
63,89,63,74,59,72,1,0.154737807586644,-0.555327162991451
69,57,60,60,60,89,1,-0.311006378372856,-0.618694265114018
72,59,44,84,77,73,1,-0.641413928513791,0.949597793470139
76,73,92,85,79,54,1,0.746619437308898,0.0161037070829549
94,70,81,89,74,59,1,0.262648866268022,0.706571699645574
81,75,100,53,64,51,1,0.804441780290819,-0.859309818581932
61,56,72,75,78,68,1,-0.578659776810425,0.414137083946895
73,94,55,77,85,81,1,1.03474864835985,1.1766325543216
52,61,79,70,72,71,1,-1.03831899644785,-0.281407334726448
82,71,80,22,62,74,0,0.49588431202677,-1.44654901161146
83,82,96,80,100,80,1,1.81337233754016,1.09697574235729
57,53,59,82,80,62,1,-1.95580160830259,0.812595766208807
76,94,100,73,54,68,1,1.22103288307226,-0.667963211251227
92,84,96,91,75,75,1,1.75552081307391,0.815041322436083
67,57,67,71,82,96,1,-0.349946038790108,1.53687777229324
61,78,45,87,100,93,1,0.15363252329241,1.73315416480772
83,83,80,84,86,69,1,1.10132202666879,0.762231590358229
50,47,43,84,65,64,0,-1.76814322461543,-0.261906834913844
83,65,63,77,86,79,1,-0.23964205446638,0.546225034780013
61,59,51,7,45,54,0,-0.527811176727395,-2.07867937903892
65,73,88,92,93,87,1,0.555028211209059,1.7282623821316
97,72,65,70,81,67,1,0.0336511203144737,0.0998846540989359
86,100,87,84,75,68,1,2.08553069540541,0.877626299223054
57,69,66,26,41,75,0,-1.63140394391299,-1.47479332771052
52,83,80,67,61,69,1,0.869122468726022,-0.423206966494093
66,49,90,83,71,76,0,-1.54837808029477,-0.132769221518348
77,71,75,34,42,46,1,0.92869617990418,-1.3543379864425
89,59,52,75,70,51,1,-0.116938131374609,0.0266256509106248
51,63,69,87,72,77,1,-0.248321348811739,0.114315209223133
79,84,69,40,47,57,1,0.635166785983348,-1.24264627924444
66,71,73,80,68,64,1,-1.19460132254071,0.084003948689293
72,52,75,87,84,86,1,-0.48859665097601,-0.241194653707441
76,61,57,71,63,65,1,-0.118978188718884,-0.19848955034673
100,89,88,72,70,72,1,1.5939151212063,0.0676966230458167
72,71,67,32,51,61,0,-0.301674875695468,-1.49142048947511
59,20,55,57,61,67,0,-1.92914232476361,-0.954643855438745
56,66,66,62,89,100,1,-0.69090529785076,1.98347516225279
70,65,68,78,76,77,1,-0.318815140254252,0.231993669244703
54,43,41,20,43,19,0,-1.46495182730231,-1.87795804691666
73,72,92,68,64,41,1,0.504881918728368,-0.301085588707476
66,57,32,86,79,77,1,-0.438695172755229,0.489075689216494
51,71,57,79,80,81,1,0.0800321786875464,0.737755548065393
71,75,96,67,94,68,1,0.864989486135325,1.67135208355278
84,76,79,82,74,76,1,0.481412013652013,0.06291828537158
88,92,82,83,89,76,1,1.66866592051116,1.12376592286157
58,75,83,71,76,67,1,0.689810890583755,0.694769009882978
61,53,73,29,50,80,0,-0.659282566929394,-1.72636682043668
35,52,66,62,63,87,0,-2.11403099066213,-0.736536275810143
52,63,76,68,77,69,1,0.0838110393950752,0.222287493426815
57,54,75,81,70,88,1,-1.12733335382003,0.477226067165068
59,62,59,43,51,59,0,0.057840598894786,-1.16033302957044
86,79,62,90,93,80,1,-0.115837284714647,0.931968357263529
82,71,75,73,77,77,1,0.0936705013512163,0.327868919407135
77,79,71,73,89,81,1,0.210959853440548,0.405051365644711
65,76,86,80,86,73,1,0.340456914112972,1.36691835970339
57,58,61,46,61,59,0,-0.641065829191583,-1.11324968998341
80,72,96,75,76,39,1,0.702958625767055,0.123623715552258
76,51,82,76,81,78,1,-1.35775590223109,0.428291043768882
78,61,66,82,74,68,1,-0.82906533143519,0.608280366363896
62,45,60,88,77,83,1,-1.28262686819887,0.481540455364809
37,58,60,85,65,67,1,-0.142274680144625,0.0261956334202948
73,69,47,63,65,85,1,-0.453475103249494,-0.555692682115887
97,89,99,45,59,67,1,1.91001643857673,-1.10183157436297
75,66,86,68,82,69,1,-0.0115617629438632,0.0835547037840825
43,77,69,44,63,82,0,-0.391175822145759,-1.350232555342
66,72,80,89,71,76,1,-0.035968781746859,0.508543342735278
44,31,29,7,40,82,0,-2.38754860486476,-2.44762563357749
51,69,47,0,34,49,0,-0.465777956057735,-2.41326310751781
91,69,64,78,71,60,1,0.316266090750294,0.644708475178839
52,51,60,40,62,59,0,-0.702858311716807,-1.1198793094546
69,68,81,78,58,62,1,0.214315623073949,-0.427128762376144
59,67,42,30,50,66,0,-0.316858452257267,-1.57875638065349
96,95,80,80,87,78,1,0.669238014951977,1.57344762956028
69,65,72,44,63,48,0,-0.0267346362163852,-1.07873450125455
47,68,60,48,51,43,0,-1.65505614125765,-1.031578994819
58,61,38,76,65,59,1,-1.35135673914686,0.437453755130155
55,70,80,81,76,70,1,-0.168457169108324,0.962968742260876
55,69,64,79,81,47,1,-0.268031246292701,0.5967985107762
60,52,52,2,35,40,0,-0.789920722751262,-2.27815945215101
70,67,65,63,70,80,1,0.379855296910606,-0.352055637723289
73,67,54,36,54,73,0,-0.127802846658823,-1.35387726852984
87,100,96,79,73,56,1,2.37815112430776,0.389775895907496
88,80,93,89,84,77,1,1.83644645256753,0.803897239608142
100,96,86,85,69,79,1,0.865684776761385,0.359150473367204
64,81,78,46,49,54,0,0.276954958806521,-1.20428037450061
63,52,49,19,51,48,0,-1.0048638523088,-1.92355025250978
51,61,68,33,57,52,0,-1.26770664264718,-1.30173247812247
91,95,92,87,92,66,1,1.6623519702837,0.938543452289767
93,76,92,86,95,73,1,1.70801265064583,1.27248905743868
80,95,89,59,88,69,1,1.49989049985403,0.2886197772566
53,27,37,69,82,92,1,-2.0919045685462,0.930088486984755
57,66,73,70,50,70,1,-0.167264101595666,-0.671803007630609
82,96,100,82,80,76,1,1.318301204014,0.0410093510497874
70,64,75,82,82,73,1,-0.241811702218981,0.568388778369686
68,90,87,82,70,72,1,0.764966186505303,0.270217300177769
66,71,53,71,75,61,1,0.0448689885066285,0.0380159752050336
74,76,63,88,71,86,1,0.100027785113357,0.963029359796622
63,47,79,74,48,50,0,-0.933240148996323,-0.658045974832487
49,74,77,62,68,61,0,-1.09192543225805,-0.603375484578903
88,97,79,18,39,81,1,1.8251707639829,-1.62609698499352
49,38,59,14,41,47,0,-3.08086553442746,-1.93193297823949
68,63,96,81,69,60,1,-0.722819645317061,-0.55476174766478
100,92,67,65,58,74,1,1.38816678381874,-0.840977793582479
78,94,88,75,71,51,1,1.79743181439641,0.764117030149467
82,87,91,82,99,79,1,0.808017717163436,2.23396992980034
64,67,75,78,78,77,1,0.302503915012133,0.565852720313344
80,66,70,74,81,90,1,0.128829763786455,0.875467818295523
73,63,34,13,40,43,0,-0.416273514841586,-2.19175745395869
84,85,92,79,67,70,1,1.46811818187172,-0.101873154868264
74,78,39,79,59,73,1,0.535671699666947,0.00674374140463513
44,63,71,50,56,62,0,-2.13820896018574,-1.26642963159209
14,42,35,82,77,71,0,-2.72908604673495,0.0469611020940622
80,90,100,69,72,69,1,1.51824300599865,0.723423112490524
60,57,75,72,90,86,1,-0.624293905084709,0.851559930346422
50,45,54,83,83,76,1,-0.878100461371779,0.747128886213295
71,58,74,71,74,86,1,-0.567359755773086,1.27189661666583
76,90,71,85,70,79,1,0.687278601057852,0.324824209286781
68,77,94,85,78,71,1,-0.0534835825486717,1.21621141146937
82,66,37,90,57,77,1,0.048762810768764,-0.178646894226595
86,87,64,81,97,92,1,1.01450118425421,1.76448221807578
73,86,85,53,67,95,1,0.589829583369521,-0.764841197128967
54,72,94,69,71,48,1,0.520720485346914,-0.451414589780204
74,86,96,87,90,71,1,1.2642056310696,1.44074674296957
47,68,64,76,75,69,1,-1.11427731082121,-0.0332183076576436
56,68,64,0,40,61,0,-0.893215240157694,-2.40936263587544
89,74,79,83,83,94,1,1.45948478715091,0.763292127119738
76,75,51,69,82,69,1,0.332635646935779,1.39273713034965
78,56,76,75,58,85,1,-0.329346851440897,-0.0688591083475163
85,89,71,79,70,56,1,0.863606421344357,-0.602450521466675
87,92,59,69,70,72,1,0.935009105057335,0.486905056950524
86,67,72,74,71,76,1,-0.063085297340509,0.426149269748161
65,60,62,78,63,72,1,-0.771081694889613,-0.421491394583443
79,62,58,22,53,66,0,0.00664084521067061,-1.44416486497897
60,71,61,86,69,54,1,-0.177098378249037,-0.37710341850019
79,73,70,84,73,63,1,0.428877526461123,0.236720499655235
49,38,51,88,66,70,1,-1.73002642995626,0.0568009454772489
70,72,63,85,83,75,1,-0.54920711514736,0.654016989700362
72,70,69,32,49,59,0,0.268708493019193,-1.35861141841969
44,82,77,67,78,61,1,-0.479934460464272,-0.32694199761833
83,77,54,70,72,61,1,1.05477081594509,-0.735485096669874
56,52,46,67,51,50,0,-1.18935007015327,-0.703266281901642
86,75,72,84,88,90,1,0.21467094082996,1.67422481552816
62,47,100,34,59,55,0,-1.31331609737735,-1.08378970698336
75,72,71,50,51,59,1,0.5090194241324,-0.993860186934276
54,68,44,8,40,48,0,-0.635172633697593,-1.81612775739279
48,53,63,73,77,56,1,-1.37507717726368,0.773501691127466
86,85,70,56,57,64,1,1.0895759630251,-0.624386056271927
67,65,75,71,83,75,1,-0.190362720257045,0.420164819455329
53,52,37,81,87,78,1,-0.972606228508231,0.524003186249474
75,77,55,50,56,76,1,-0.204970885584064,-0.752492218910673
67,78,95,78,69,91,1,0.372652504234635,-0.0711606411072069
65,77,75,77,67,45,1,0.369083880391652,0.127117700675193
89,83,67,80,70,54,1,0.563475359893205,-0.0852106564583726
66,89,93,73,83,87,1,0.4119555274099,0.506393564390595
69,80,61,69,89,63,1,0.84051942195073,1.06224040644898
69,86,74,83,97,81,1,1.618075712046,0.990693035272494
82,87,65,85,94,95,1,1.04041578688432,1.63721705476948
52,65,76,78,67,63,1,-0.164610655428631,0.407415900011268
60,37,64,58,44,55,0,-2.20807982499416,-1.11152122507493
64,63,45,69,46,89,0,-0.917013982983112,-0.548534211853664
75,61,67,82,81,100,1,-0.604343505789385,0.859951539119787
42,60,67,91,82,78,1,-1.72862322019524,0.901609758345852
100,97,71,74,94,75,1,2.14121004441332,1.54824315935922
61,60,64,67,81,73,1,0.0433495335587147,0.30158567504924
58,58,78,84,86,65,1,-1.58454007717072,1.19999778070409
83,80,65,66,66,61,1,0.646750221525237,0.514224832518563
91,92,72,85,92,64,1,0.535604920597464,1.49449823857768
50,63,50,38,55,72,0,-0.978810241298706,-1.34267113071522
40,59,76,75,64,59,1,-0.387108784232667,-0.381220929277089
100,75,83,72,81,55,1,0.386643858291795,0.682600577569594
66,72,56,79,83,82,1,-0.499769743323838,0.83170712235099
87,71,75,56,55,70,1,0.664258750534874,-0.390365520771302
64,86,80,68,74,78,1,0.806204250345311,0.292908063273165
73,79,71,87,64,34,1,-0.285814617046974,-0.0271118361310765
100,88,69,78,63,68,1,1.52439726475434,-0.518261921381132
43,56,57,71,68,50,1,-0.855613234164322,-0.467748959327235
92,90,68,51,48,60,1,1.10607131586126,-1.03350305341654
70,72,68,24,52,69,0,-1.31432556019965,-1.44679586338516
47,70,83,74,58,59,1,-0.353607962363294,-0.456640203333822
79,89,64,87,85,55,1,0.559031281713458,1.22824697344297
74,61,70,49,61,56,1,0.338545976185668,-1.16553987764641
67,74,56,90,75,51,1,-0.680769416371931,-0.417331695109186
70,62,83,87,80,63,1,0.311636790712722,0.956891039165274
85,94,100,77,64,71,1,1.54486747840116,0.469250560864604
58,59,63,55,54,69,0,-1.53490273853188,-0.814934601954908
64,72,75,70,75,66,1,-0.0128593894350585,-0.252938405269441
76,57,71,67,61,60,1,0.197670745419611,-0.528963670860479
75,93,71,80,100,79,1,0.941855444455704,2.33775687810834
81,98,82,72,52,71,1,1.43614388940292,-0.666681410068962
42,49,24,55,67,81,0,-1.43706486133192,-0.628012692446217
82,84,72,76,72,75,1,0.140010746070923,-0.122669385503889
67,66,60,75,92,89,1,-0.441673461693373,1.38896644742759
77,60,78,74,66,92,1,0.486124130549288,0.275276328791729
89,75,73,75,86,57,1,0.853220657579207,1.09096985502932
54,48,69,80,62,66,1,-0.275547015049687,-0.747577152534606
90,81,91,72,64,65,1,1.46649206374337,-0.644009567392225
55,51,80,61,64,50,0,-1.44793969977954,-0.518658010774368
68,71,72,69,70,75,1,-0.226441187492941,-0.170183258590413
72,80,89,77,66,71,1,0.288060112015382,0.377534103866391
60,61,69,71,70,50,1,-0.500838593242941,0.248775171003966
86,63,83,72,88,83,1,0.355646091420384,0.828043819021708
53,66,71,68,68,76,0,-1.17073045487159,-0.690648535400812
52,61,46,0,38,42,0,-1.28873234159689,-2.43093813910994
96,91,86,83,90,100,1,2.06953926944812,1.8067917288596
82,93,77,81,76,61,1,0.431484611698627,0.497348956800129
86,95,67,86,86,47,1,0.320474689919474,1.53856253363977
57,57,66,77,77,46,1,-0.876481542654611,0.795025849071051
77,74,61,86,83,94,1,0.654731658845104,0.994654690721075
50,67,82,86,76,91,1,0.32836435989971,0.772379081598454
59,50,85,67,75,62,0,-1.11178069402117,-0.765939812126885
71,88,69,63,85,56,1,1.66315993144354,1.37250594971242
77,99,100,70,72,83,1,2.04553713998524,0.49432331585404
86,72,71,56,57,74,1,0.610703838277831,-0.962555481993307
91,90,84,90,88,73,1,0.994229938220654,1.05063197752778
81,79,58,48,59,64,1,0.711078982161687,-1.1997849169693
76,74,90,67,71,80,1,0.163324824778201,-0.215053038168251
56,59,88,84,74,60,1,-0.243574031470066,0.559504563829357
63,59,72,77,69,79,1,0.315858677611865,0.087319596588262
49,80,65,79,95,77,1,-0.446127015137887,1.5592830157785
76,77,76,94,73,79,1,1.31517076271827,0.547779498051019
62,53,62,68,80,53,1,-0.633809547043108,0.0505647376425742
57,71,99,76,65,79,1,0.242402771583565,-0.321901380712451
54,53,82,73,72,82,1,-0.273312241196908,0.360241827266282
81,54,61,62,61,44,0,-0.824695790881038,-0.709438597819524
61,56,46,64,59,100,1,-0.478976230616818,-0.0572926326669688
54,71,70,54,66,52,1,-0.478356809208021,-0.416599805984175
59,68,86,67,79,67,1,-1.01741410147672,0.525555953664145
52,63,48,81,80,86,1,-0.877357309456383,1.41982433349592
56,68,79,72,65,59,1,-0.0288000023442621,0.0936735663147323
59,61,57,21,39,78,0,-0.680486975796976,-1.64935800392092
82,77,74,86,76,65,1,-0.258807005464294,0.395844574249439
56,71,58,81,61,62,1,-0.020937924753913,-0.282603838183237
86,67,64,81,83,68,1,0.930144891888111,0.889276557937887
75,90,69,79,87,90,1,0.904557456729897,1.74688344961804
45,40,59,15,48,50,0,-2.01695857835223,-1.88458242625613
66,71,72,49,57,63,0,-0.442203396093782,-1.06539364630149
68,82,52,80,66,71,1,0.506401155881055,-0.0878549440963649
100,92,79,78,99,71,1,2.48459777259634,1.46072227393556
75,42,78,88,73,70,1,-0.274509121678195,0.957963255411231
77,57,70,69,72,77,1,0.33903297904877,0.282566802808432
85,58,83,71,87,91,1,0.614692489321603,0.502869895647352
81,73,76,81,81,61,1,0.338333780025005,-0.0779126193248333
77,80,74,57,57,63,1,0.507325306884255,-0.847990830594012
85,89,74,82,77,58,1,1.85286768132112,0.226583572758652
82,63,58,80,79,69,1,0.988444520804688,0.936611462096746
66,72,53,74,70,71,1,0.237545068716804,0.635576290012745
59,52,68,82,85,97,1,-0.324406548948393,1.07833393833031
98,76,73,72,65,74,1,1.47043967311632,0.343269260823008
60,29,24,57,68,68,0,-1.71703540737817,-0.921520369805641
87,73,100,77,74,65,1,0.309112329726198,-0.052235095794784
81,63,69,66,55,86,1,-0.19224534256239,-0.6561298197282
82,81,57,82,100,90,1,1.0024696204505,2.70201726995833
90,94,66,64,63,63,1,1.67752732692454,-0.384451060226401
47,70,57,39,44,59,0,-1.54726275231155,-1.20405092520238
74,57,77,60,66,79,1,-0.0258876725032838,-0.895172740102871
66,85,74,73,65,73,1,0.628602343780909,-0.129655988472828
79,82,78,72,88,86,1,1.22979753654965,0.756006608412432
82,79,71,90,74,74,1,-0.157833770448817,0.0832974188930237
56,64,59,73,50,65,0,-0.509975456051914,-0.924090023660588
50,49,45,83,65,52,0,-1.34638356551482,-0.241698040913156
59,75,83,64,67,71,1,-0.728294339932785,-0.391489002876428
85,71,70,79,90,69,1,1.39663635319053,-0.111868521674724
77,84,78,73,55,88,1,0.937605799837716,-0.232146559603443
60,55,59,76,70,69,1,0.0335740092516591,0.231909553855909
86,82,82,83,89,66,1,1.63065465744649,1.38891136976736
71,79,97,72,84,78,1,1.10597252778986,0.738907155982316
86,93,82,89,75,96,1,1.295465787439,1.00098828323154
78,70,43,79,66,81,1,-0.315968072353093,0.689794254202604
44,50,69,57,63,80,0,-1.41303469489506,-0.535086416316979
85,75,73,78,65,75,1,0.932310458885008,-0.368025840862024
73,88,77,69,72,65,1,0.332967857656765,-0.0640904597825005
72,85,48,77,100,76,1,0.79247558070851,1.45271932768482
87,94,75,75,58,69,1,0.999653353013283,-0.282567569224891
60,71,46,76,60,67,1,-0.785853088339755,-0.0804565263914876
60,61,55,73,78,81,1,-0.510196309950539,0.668468053077399
58,74,64,95,87,70,1,-0.178225124382553,0.662941435309561
65,93,65,74,90,64,1,0.873430576520143,1.57886756551739
59,61,57,73,79,82,1,-0.406232813370206,0.16629985770526
93,63,77,80,86,66,1,-0.0458379080230131,1.17194384839639
48,52,75,79,71,92,1,-1.199466582106,0.128981627432781
65,75,85,75,97,100,1,0.219396338908296,1.54479326248823
75,81,80,89,68,73,1,0.702473524649453,0.0708652211394543
40,59,59,15,45,49,0,-0.963947669392045,-2.00051778744664
70,62,50,71,60,67,1,0.325260693043751,-0.445102404699753
72,68,73,72,66,79,1,-0.0931507397243267,-0.092854435939612
67,67,83,82,69,71,1,0.958036266405853,-0.107816809477419
78,64,80,27,52,48,1,0.647457548585955,-1.10955697348411
63,72,55,18,56,91,0,-0.599968416622383,-1.54661354469589
77,100,83,81,70,63,1,2.2015668965888,0.00462555915249074
83,68,85,69,65,54,1,0.180001935754732,-0.623660330229512
55,55,59,79,70,77,1,-0.88478226431151,-0.0189128148601519
36,67,51,80,80,84,1,-0.886412422649921,0.972484319123851
45,44,62,88,86,71,1,-1.86586087308824,1.18873079150761
68,61,73,81,86,64,1,0.192946708780403,1.29623466462963
61,68,75,80,81,74,1,0.725865233071311,0.752180878118726
70,71,69,92,88,100,1,0.0133168824031373,1.1079763600991
74,71,87,87,73,72,1,0.987992533666041,1.21765300071651
77,75,71,81,100,94,1,0.700448756984745,1.96453377713471
84,76,71,67,86,83,1,1.22576876378739,0.841215156010943
67,69,69,70,74,55,1,0.8112927573555,-0.73871905905021
72,69,47,63,67,63,1,0.835743189628925,-0.0287480529183134
63,49,92,21,52,80,0,-1.17008477035846,-1.39441333085243
63,56,69,81,60,72,1,-0.362447753643088,-0.0872790508799906
78,68,61,77,96,77,1,0.196515584070937,0.827659939627915
89,72,74,69,100,79,1,1.43413585818902,1.75475145985526
52,48,73,66,66,53,1,-1.04342445274233,0.370907886688023
80,67,75,71,61,64,1,-0.0321511454968975,-0.759599941841727
72,73,100,60,62,55,1,0.597310205848869,-0.907240120064005
75,85,52,40,59,72,1,0.95683348018665,-1.25792806570146
42,50,62,78,68,59,1,-1.10415171122399,0.000378865827994512
46,68,53,66,67,73,1,-0.55829321372738,-0.203961872329203
69,59,51,68,56,64,0,-1.55071473870182,-0.826304869452265
50,31,44,87,88,57,0,-2.75517830040102,0.279226092331792
70,68,61,83,65,48,1,-0.777784550573194,0.116573895471032
74,64,64,50,57,57,0,-0.695931625057983,-0.837382087313846
72,56,54,52,68,93,1,-0.139690098118178,-0.909482218252272
56,63,54,76,84,92,1,-1.05583755078809,0.726215817827923
80,71,77,28,44,61,1,1.07418444118828,-1.5932433292049
42,54,48,58,58,72,0,-1.47993586583094,-0.867243274715239
75,74,70,67,82,95,1,0.346175665269383,0.829978661714054
70,64,75,87,75,67,1,-0.627949484251699,0.494669400177225
69,81,63,54,50,65,1,0.566926850719826,-0.769285103359423
61,85,71,12,43,62,0,0.267489519597907,-1.877224532688
40,70,43,82,86,85,1,-0.770837032190382,1.24508482492067
87,86,57,74,82,98,1,0.893848192994121,0.954488910939513
83,86,68,71,82,60,1,0.901674432131516,0.919675680191544
50,68,70,73,56,62,1,-0.249568398027379,-0.395786233403256
80,77,67,84,73,62,1,0.942531352513845,0.345552286400188
49,56,51,91,70,86,1,-0.518419481801535,-0.0107857916959122
78,43,44,76,72,74,1,-0.932907465381908,-0.126860693041866
63,58,70,83,80,56,1,-0.61473221027906,1.26265145580959
61,50,82,62,60,54,0,-0.521131341706039,-0.912044575977046
62,60,55,79,58,92,1,-0.956846030875419,-0.292588508000393
74,61,66,65,57,64,0,-1.02034037345841,-0.738678173222796
84,98,71,68,69,74,1,0.985592568156797,-0.120474012633015
56,70,81,48,62,62,0,0.0963680151659594,-1.20671120795055
46,72,63,85,76,69,1,-0.358129482123265,0.275886488064121
83,55,60,80,85,82,1,-0.0256475313285397,0.650863165122563
71,46,54,44,65,58,0,-1.2498286111791,-1.28316656167048
65,63,76,75,93,100,1,0.0123577029227859,2.42383799446966
68,68,71,73,74,65,1,0.378550662942313,0.301105047942371
73,83,76,75,90,91,1,1.42403255220773,1.30043580486183
89,79,100,84,83,80,1,1.18174684681988,0.637146759349239
65,86,58,98,70,71,1,0.417646535014634,0.565141815852153
89,85,87,81,81,65,1,1.52890287669205,0.875135260960403
75,79,74,74,66,78,1,0.469068751670766,-0.19718490134848
53,85,70,0,44,35,0,-0.0219827032275334,-2.27970893281627
64,89,89,84,68,86,1,0.972460043261128,0.776989996150401
39,33,58,41,63,52,0,-2.33606910605417,-1.11594190522862
79,86,60,65,58,49,1,0.903562105625917,-0.6070886427901
67,56,63,66,88,70,1,-1.29171742395015,0.314977418437302
74,87,75,70,60,84,1,0.507722477338973,-0.651016192693646
69,67,66,87,72,87,1,1.1952271774307,-0.109967627174936
55,50,74,72,63,59,0,-1.1374873802717,-0.581940147209109
88,81,62,74,72,78,1,1.32487928673455,0.999989590836714
88,70,49,91,90,88,1,-0.214972037019242,0.867044138521335
29,38,59,37,56,72,0,-2.96150669489152,-1.05815166126708
79,82,71,71,68,94,1,1.77503773570053,0.355240038909457
61,68,60,72,65,58,1,-0.619726114982221,-0.612575228360732
73,70,86,69,54,81,1,-0.164951426093035,-0.58188253113784
82,71,80,73,61,63,1,1.26922084202359,0.602511850010246
82,79,70,61,64,65,1,1.03564703870681,-0.747757467138437
63,81,80,70,71,64,1,0.900000784204036,-0.0421715261165471
69,84,74,71,60,87,1,0.536691269547429,-0.383144681943798
46,76,78,85,87,83,1,-0.105764837320856,1.03140492205215
79,73,90,82,89,85,1,0.0615242564058285,1.49985960721014
80,56,77,82,77,52,1,-0.123837077094749,0.737587816172489
84,79,58,78,76,100,1,0.912829056515981,0.577347493831813
56,60,72,75,65,61,1,0.0835288462411179,-0.196860660284486
84,82,82,69,82,83,1,0.531400951088565,0.182191508525055
81,76,100,49,59,57,1,1.17204807523974,-0.988200025122395
80,82,87,75,100,82,1,1.82572134934491,1.52373837377041
79,80,72,78,81,82,1,0.168030132146306,0.960021985142987
67,44,59,80,77,67,0,-1.99126120482548,0.0144749207317644
84,80,75,74,89,68,1,2.00371910791069,1.12773827740656
67,70,71,83,74,80,1,-0.423787279991125,0.0554445653248245
100,68,100,82,98,100,1,1.17577046993796,1.68921963049784
72,81,94,83,70,41,1,1.06781798517043,-0.141555695690512
61,62,73,83,82,100,1,0.0790197479188503,0.80030898162205
89,90,80,79,70,88,1,1.71392262705997,0.0816065243477662
61,60,87,67,66,58,1,-0.660365715030161,-0.48217753154921
91,88,73,70,70,77,1,1.19205926864322,-0.0204379838531886
74,58,72,77,85,67,1,-0.30816350873046,0.950894581621918
82,65,81,63,51,59,1,1.68014494866706,-0.535403134197126
47,63,70,95,70,57,1,-0.774837848395859,0.850695198534594
73,69,71,78,77,80,1,-0.901581172865404,0.332339681755734
92,94,77,94,84,78,1,1.00808144850438,0.67223886489163
64,73,100,73,82,96,1,1.31030372279411,0.849762810803417
40,72,80,76,67,49,0,-1.32829622535991,-0.317809065533739
62,80,62,82,78,97,1,-0.300164360052967,0.738542106511706
84,79,69,30,56,56,0,0.281696806409926,-1.41014629133161
63,87,85,66,61,59,1,1.0230142867395,-0.590430862441265
91,78,72,60,64,63,1,1.42415442710358,-0.305001409470592
71,65,77,80,96,91,1,1.08723885825429,1.9587842061076
63,87,80,84,65,88,1,0.458467968238279,0.706703142868796
96,76,76,72,68,68,1,0.719098359501309,-0.259348371091682
59,63,40,85,77,80,1,-0.31856465843173,0.285202538586944
89,81,79,67,51,54,1,0.825249566086287,-0.630439151628927
87,64,71,82,63,51,1,-0.273234949969071,-0.30761980990514
76,90,92,85,98,68,1,1.00116679853729,1.96736652049815
68,67,66,14,55,60,0,-0.397885954250832,-1.63306184539679
47,43,64,74,65,80,0,-1.48879377338384,-0.356541755124068
83,76,90,58,66,51,1,1.537546791626,-1.05906404312264
70,62,88,77,79,89,1,-0.34488288437051,0.673983768725617
69,60,37,86,75,94,1,-0.841224123647574,0.148551695767007
84,60,89,62,63,53,1,-0.278353543310829,-0.593224002539509
94,100,83,79,98,100,1,2.23279518910467,1.71884080838673
64,83,64,76,63,83,1,1.62434607433489,0.131547614053001
77,81,79,89,77,77,1,0.632626091876876,0.627788674942563
79,66,37,85,89,74,1,-0.864001433377928,1.6150779518879
53,58,91,86,75,75,1,-0.180612598465267,0.880062839409961
54,45,71,23,59,74,0,-1.80265305228668,-1.41648367547868
71,72,84,74,83,56,1,0.498669791730402,0.970696424374382
45,51,62,73,79,58,1,-2.34111667959396,0.822313218167632
90,73,69,75,75,95,1,0.362861011156784,0.338141901471786
67,71,69,77,60,60,1,-0.729381518635923,-0.392114937929192
66,84,60,63,64,66,1,0.0953280417119604,-0.697080638935134
55,60,61,44,53,74,0,-0.284469263359854,-1.17008525982854
94,99,89,67,66,51,1,2.17243819630647,-0.153072295899581
76,70,69,79,74,98,1,-0.188324411791305,0.899475037839206
47,67,53,81,92,98,1,-0.975558702993266,1.56868455782971
93,82,62,81,68,68,1,0.1878536939889,0.220182377749896
60,42,55,65,76,67,0,-1.93631574543528,-0.239041250532086
69,58,59,74,90,75,1,-0.15310976580097,1.12680315758359
81,56,79,60,61,65,1,-0.219568588950865,-0.578194505990035
58,47,55,41,44,46,0,-1.16397108720558,-1.29525985951269
72,85,74,84,61,72,1,0.0268889218404057,-0.154134985900253
63,73,66,82,97,94,1,-0.28952694678331,2.18605383155109
82,70,63,90,77,77,1,-0.222148646412374,0.260074360781903
54,68,87,81,63,69,1,0.542078354961861,0.0289111043017389
78,76,70,77,54,70,1,0.651141004459648,-0.34543399790891
72,69,69,81,71,52,1,0.102983305180462,-0.0376495530131117
44,47,69,81,75,48,1,-0.12073627589245,0.0294861797739294
78,69,44,52,49,56,0,-0.670277980777043,-0.87442719808351
75,71,72,79,58,60,1,-0.262069354500177,-0.197214241502102
64,61,82,70,45,53,0,-0.823233010326028,-0.670454757415715
73,69,74,81,74,65,1,-0.590773103049689,0.253305723327948
80,80,79,52,54,67,1,0.787339588212958,-1.01728953975143
77,70,63,75,83,99,1,-0.0517910945863467,1.08545428693724
54,67,40,61,72,53,1,-0.263129680511994,-0.591602570171257
49,60,86,76,75,60,1,-1.06613503518279,-0.153054157207828
50,41,66,4,23,26,0,-2.31891272809097,-2.9215466119607
75,47,50,91,91,92,1,-0.868667834275726,1.80178915390993
79,71,65,58,51,61,0,-0.399454485342977,-0.972580818990007
82,87,66,78,77,43,1,0.6184901185299,0.275118453582978
71,88,78,84,73,81,1,1.17515949074359,0.917889223291013
53,53,68,74,82,72,1,-1.80209792781221,0.499974351046499
86,61,84,82,81,66,1,0.23627037833182,0.573896082871979
44,83,94,81,78,75,1,-0.223601707336091,0.123442922464778
82,67,74,89,79,49,1,0.252875144741507,0.469571735638324
51,56,49,55,52,45,0,-0.531041080570346,-1.14043052351974
53,87,81,72,83,65,1,0.710309500136781,0.177011982877551
73,61,80,37,57,80,0,-0.379553628700044,-1.02463370619594
66,74,72,80,77,64,1,0.916453089848747,-0.297160068446055
100,83,87,72,88,99,1,1.67299816426545,1.0510785689194
56,76,68,92,81,88,1,0.381455929401188,0.531226865088316
72,59,59,82,52,64,1,0.327008820026089,-0.237391993528832
69,77,62,20,49,33,0,-0.141134245502743,-1.46615626493032
63,60,42,96,75,66,1,-1.12826342798839,0.649748601011036
58,90,76,73,64,58,1,0.230095399223951,0.695914676003724
90,81,46,65,65,100,1,-0.0216091063866155,-0.066503234205381
83,100,100,83,73,60,1,1.76862405786079,0.109740506849013
40,24,47,28,51,39,0,-2.56637114926457,-1.49496682682687
67,59,43,29,58,66,0,-0.993872194724455,-1.77599888374475
73,80,59,85,100,100,1,0.214222618179496,2.22897997091547
47,57,66,70,62,82,0,-0.893533249991926,-0.624861401442085
75,70,78,78,82,60,1,0.451984731385897,0.449465680330151
71,60,76,88,77,72,1,0.00615530386151655,0.762048710905355
60,55,55,81,73,95,1,-0.80992721883987,0.902799401304883
75,82,68,77,94,76,1,1.33252074974269,1.56010516012076
69,78,70,40,51,49,0,-1.00171652997745,-1.09178056439463
56,58,60,74,79,69,1,-0.519117356836593,-0.00509264043036192
69,49,71,81,62,98,1,-1.24614136024893,0.418239902248398
83,74,77,86,80,62,1,1.2933288141911,0.593015608874364
83,73,74,85,82,66,1,0.80929083117909,0.806508208477717
73,80,71,85,100,79,1,0.332929140274952,2.16229374284832
83,94,86,75,77,88,1,1.16001473110582,-0.436647738180415
85,70,61,82,63,62,1,0.237007348001921,-0.359246111724054
85,91,77,85,73,99,1,1.31873693965702,0.394308461980344
58,69,78,68,55,52,1,-0.380236942303429,-0.601306945900411
80,99,81,67,53,76,1,1.2059455691116,0.327638455021392
88,72,70,77,80,86,1,0.0869581002080883,0.298978699528782
63,57,44,0,44,53,0,-1.90670169361344,-2.2696389600411
67,85,88,84,94,86,1,1.08660675215221,1.57902032360078
71,63,66,67,79,81,1,-0.277777668443043,0.674163827538247
83,64,65,66,62,76,1,-0.444126068175852,-0.120197289773422
75,78,77,81,77,67,1,1.04618623217558,-0.00670113468780026
51,35,68,34,49,50,0,-1.93305277318173,-1.45232258399943
82,70,60,90,58,72,1,0.639048364204779,-0.469933800251928
65,71,96,79,95,78,1,0.648917337679032,1.4006407606178
87,68,74,47,54,60,1,-0.0128271979286434,-0.888747476111017
66,70,69,83,72,78,1,-0.206773682831062,0.534123189830779
51,63,76,31,47,69,0,-1.27754079863438,-1.36706341696058
78,46,54,66,67,98,1,-0.397305387892085,-0.383188336796546
72,100,92,87,90,73,1,2.84116639675635,1.85186411784483
81,74,97,84,70,86,1,0.490572001224933,0.968874549196072
67,69,66,57,61,77,0,-0.356202924196691,-0.939003068667701
60,61,68,70,65,68,1,-0.224528015953725,-0.699520818483851
87,78,80,89,95,95,1,0.987032991740466,1.72788219174236
38,46,49,72,76,66,0,-2.58165119511334,-0.361734278023244
58,58,35,82,66,84,1,-0.791101982238503,-0.0610987879572246
100,70,83,70,99,82,1,0.789978156926731,1.78929000750627
72,78,66,73,100,73,1,0.281063506477087,2.2409399927447
55,71,91,48,63,69,1,0.877310723516378,-0.812021197101707
74,58,74,72,66,74,1,0.106002428083522,-0.383367707049695
62,59,77,79,52,69,1,-0.341182651191926,-0.620407493993514
28,31,57,77,50,60,0,-2.58272742110397,-0.42331486424022
60,61,50,70,60,60,0,-0.988555576467479,-0.581788357199666
61,71,89,74,75,76,1,0.0999222666558444,-0.325930595855676
62,48,75,80,81,48,1,-0.938441553209672,0.145312194716609
57,63,49,86,80,54,1,-1.36304782085806,0.145121255078334
86,90,74,78,71,75,1,0.286604022781853,-0.218181104115876
70,68,83,76,91,67,1,0.650412104571415,1.60682956961463
80,59,83,82,83,69,1,0.659607621533092,0.56707622496379
66,43,52,58,65,23,0,-0.913823582424884,-0.972748061197173
97,87,72,71,83,91,1,0.527245778036592,0.0348886640261639
100,79,100,90,74,58,1,2.0184059307824,0.235289123226058
60,86,96,63,53,78,1,0.324583091878258,-0.626189036721057
75,80,65,73,85,88,1,1.21299087746651,0.91397970117325
63,83,88,71,56,78,1,-0.00534379565421919,-0.714744324188464
31,37,68,55,51,52,0,-1.9090163371702,-1.02787878620717
69,82,76,79,76,64,1,-0.0718042375711598,1.09718522158639
75,86,62,64,87,69,1,1.88044033212217,1.12610748938966
78,63,66,69,80,52,1,0.316026633397954,1.07987461820136
58,46,49,78,77,85,1,-2.02255151283482,0.805311714487704
59,68,72,78,74,60,1,0.595270228535626,-0.32136118640749
86,100,98,88,60,92,1,1.02370935798786,0.150869420292505
53,66,76,79,72,72,1,-0.680010306618956,0.0803915116025473
72,66,90,67,71,62,1,0.8150381910364,0.86858616312611
62,73,71,78,73,76,1,0.161104354677868,0.554821678219249
66,83,69,39,54,72,0,0.28531642209797,-1.2754857943373
85,90,69,67,86,85,1,1.11112106666878,0.782023398769629
61,80,73,71,100,100,1,1.24787247527503,2.16055612686212
71,66,69,65,67,78,1,-0.522155310226982,-0.26852113540326
60,78,66,61,54,78,0,-0.550393318881389,-0.677515023223859
95,90,100,63,65,68,1,1.3807503983631,-0.302873904058084
98,74,75,87,100,96,1,0.586340152132577,2.38182621414898
81,89,75,79,67,62,1,0.255688166242992,-0.133030386406296
100,98,82,72,94,88,1,2.36475766096427,1.44635537012224
83,76,69,73,60,82,1,-0.257795133618295,-0.222539107695453
94,85,93,68,59,52,1,1.08565210898223,-0.670382395416205
58,52,56,31,59,50,0,-1.07331832502926,-1.13504320835536
63,40,58,26,40,39,0,-1.69712694484234,-1.57153577104693
79,78,89,85,85,89,1,-0.0131102418032693,0.606402426874735
85,77,66,39,56,58,0,0.309100518901455,-1.26701843785864
52,58,45,65,59,74,0,-0.392252466539619,-0.921625015443448
88,84,100,85,73,76,1,0.747363509728708,0.600664839469666
90,100,91,81,86,75,1,2.00199219776076,0.696173210066816
63,60,100,83,69,66,1,-0.05771641544761,0.402450416573316
62,56,63,81,81,91,1,-0.694742780787202,0.403835985405184
58,67,37,6,51,59,0,-0.633388819527296,-1.69516236715593
65,92,90,79,64,73,1,0.350736122286752,-0.299309196322396
51,61,61,80,70,75,1,0.173687803880193,0.43456721023602
68,89,82,79,89,100,1,1.1309346100443,1.35498519240033
57,60,51,74,64,62,1,-0.568361996348389,0.355464413876193
78,81,88,73,81,59,1,0.0903731578967623,1.09938563846454
78,77,70,32,59,50,1,0.733487641666417,-0.987059263020131
74,79,75,70,80,72,1,0.865490914647154,0.28284609165279
64,75,65,74,73,69,1,1.44290524134439,0.202762239746063
46,46,75,69,56,60,0,-1.05278988255642,-0.756416103505537
77,70,59,70,85,88,1,0.348175842396961,0.703969307822005
87,73,73,70,68,64,1,0.792034785869621,-0.327047702247793
78,63,51,76,75,87,1,0.297568330372203,0.352738972016176
71,72,64,73,85,80,1,-0.0706938485780596,1.11803309853541
100,100,76,58,87,73,1,2.43186992322129,1.09716450641252
54,67,81,66,75,81,1,0.155179900708075,0.38402489576603
77,68,60,67,76,70,1,-0.627599096560094,1.07327081293191
45,42,67,66,58,75,1,-1.06597182431734,-0.136153779496023
90,78,52,71,71,69,1,0.843162803454521,-0.20940361874923
91,82,100,76,69,53,1,2.14375653212254,-0.10276033618181
43,73,84,82,97,82,1,-0.183172001402445,1.12272244329933
78,87,86,42,49,80,1,1.17574339031999,-1.08564681625762
77,100,74,69,53,71,1,1.2950501709382,-0.688965117545298
59,61,65,72,62,64,0,-0.962665633858878,-0.506867512941243
82,86,91,59,80,81,1,1.69633022795351,1.37107193942683
57,64,61,82,88,67,1,-0.80657909216922,0.503976803453651
74,81,46,67,68,81,1,0.0176983916653282,-0.374983853408643
60,44,63,57,55,55,0,-0.698594801656063,-1.04101601176836
81,100,100,74,67,70,1,2.24742813436425,-0.16354432911176
53,57,59,72,82,77,1,-0.790247926602186,0.773296594546358
75,70,72,84,64,86,1,0.994017835875208,0.367311286287387
81,74,50,82,73,42,1,0.747161780548542,0.178044139670417
73,80,70,75,88,100,1,0.447223714456738,0.998550980624954
57,69,64,13,43,80,0,-0.47124178570143,-2.0635966836172
57,67,61,79,66,59,1,-0.775699229689458,-0.0522672881022513
61,73,87,64,73,50,1,0.454985030420316,-0.398962901986917
86,75,84,81,91,99,1,0.833590077157064,1.2712258299946
63,83,69,75,71,71,1,-0.351716715210353,0.74007284438171
61,62,68,84,72,83,1,0.0531215185323745,0.590982881261586
57,70,74,74,84,89,1,-0.96480339040067,0.933710714423958
90,79,73,80,77,76,1,0.602099120566467,0.213213413113266
95,84,84,62,56,50,1,1.34179856504005,-0.762475624272569
74,77,83,70,77,85,1,0.458038502636157,0.537996296265746
49,59,60,64,64,61,0,-1.33428925175121,-0.374309803154169
77,73,82,79,91,80,1,0.868973591431517,0.410229357817352
63,55,73,74,73,80,1,-0.557129729879928,0.069460744043522
64,84,60,78,98,76,1,0.0919365448103187,2.19520643421827
88,94,79,73,58,64,1,0.630507057479021,-0.246642192592902
67,71,66,77,71,64,1,-0.216987474775118,-0.0913066865383099
50,57,35,74,84,76,1,-0.949424320172214,1.03638021615211
63,76,90,81,83,79,1,1.11387821348699,1.10984988605614
82,77,69,71,55,79,1,1.06842240731403,-0.345411867435812
47,49,73,65,66,46,0,-0.941399979623834,-0.978392358870275
67,54,69,60,67,63,0,-1.35286472430453,-0.384491806358177
76,79,74,91,82,79,1,0.631271125602229,0.938512356243585
82,69,46,80,88,76,1,0.0132188006662033,1.83121061274018
66,57,69,88,91,61,1,-0.752059151771231,1.14552133581592
43,60,42,81,61,49,0,-0.785328196200578,-0.665202927119694
68,56,44,71,75,81,1,0.128055446288722,-0.0536277022641067
76,78,80,76,69,76,1,-0.493665004660449,-0.235774939148501
79,76,70,80,75,66,1,0.409452000496927,0.044023299877691
52,52,72,83,77,67,1,-0.492571493048439,0.577216595532238
57,75,84,87,77,64,1,-0.340130159090787,0.373019371560664
85,71,78,83,78,63,1,0.254020755975827,0.450669143441258
76,57,76,82,100,97,1,0.504555899500824,2.52392857893317
56,46,70,49,61,93,0,-1.02294458742245,-0.879803307016576
69,71,79,79,74,44,1,0.0905716144906138,0.190413321634348
94,87,82,85,100,100,1,1.1560173876629,3.33307370241795
69,72,64,90,76,62,1,-0.186072023097323,0.441103086418204
65,66,75,78,63,61,1,-0.972780030594613,0.0973076481622321
81,84,62,78,74,81,1,0.0772724143385904,0.672021234309163
67,68,55,66,68,100,1,-0.598600183788259,-0.6016677904667
73,82,98,89,85,74,1,0.388816714097504,0.95491016622525
70,76,96,68,68,69,1,0.74776448616038,-0.034970247629352
66,64,62,67,62,81,0,-0.819244784288628,-0.523918636885395
77,64,61,87,84,100,1,-0.855176486482077,0.588483825609467
55,57,43,85,80,60,1,-0.712663265872604,0.111624843553265
83,89,100,67,53,100,1,1.21925465686574,-0.313981430502176
61,55,69,75,70,75,1,-0.43848980606253,0.206785388148371
57,47,61,63,69,94,0,-1.15209920053599,-0.425166207820157
55,47,34,70,80,66,1,-1.61986539541296,0.75862230850208
68,62,57,90,62,49,1,-1.09454551183732,-0.282567598266142
81,85,67,78,63,80,1,1.48147863694359,-0.061554327513364
87,71,90,95,78,94,1,0.512356845207941,0.668368176478264
45,55,53,17,48,59,0,-2.12571291516688,-1.71621040943986
71,95,100,78,75,81,1,0.713835364212906,1.37998515839816
62,69,72,54,61,66,0,-0.911311326662492,-0.92558011714142
60,71,77,94,79,89,1,-0.276614216123822,0.667094139360838
67,64,65,72,61,82,1,0.0377359321009244,0.170256513233959
64,67,75,80,64,60,1,0.898448110238124,0.055959911391555
63,65,62,75,70,73,1,0.187920788769609,0.0661888655485566
84,71,65,77,89,90,1,1.15876863571499,1.38211867363403
100,89,72,79,67,60,1,1.31579907985424,0.264199245807612
77,77,100,71,65,67,1,0.636628249105908,-0.34864161877496
76,73,93,81,79,100,1,-0.286705316738279,0.569078071570232
64,76,71,56,85,79,1,-0.849177499608555,1.03239831728032
69,69,56,72,58,66,1,-0.125472295971321,-0.466152759499659
69,67,93,74,88,84,1,-0.248623805291199,1.55254785522736
79,100,92,72,62,89,1,1.95467319109952,-0.604919315752621
42,46,51,39,46,63,0,-0.504588117271903,-1.23372268669748
82,79,81,63,84,66,1,0.776255574778371,-0.359032185599519
80,69,80,81,91,92,1,1.44476676635706,1.24925103135116
39,68,66,61,68,48,0,-0.939444169932606,-0.643562630944738
72,76,74,82,75,84,1,1.21368230223835,-0.140642441856176
63,59,53,77,57,65,1,-0.472497339787816,-0.481627282601392
82,74,59,53,69,73,0,-0.321045221912324,-1.0066162898322
85,72,56,43,53,47,1,0.845193356228332,-1.30819891227786
84,77,67,81,73,68,1,0.706928628059681,0.126245865669218
63,82,81,78,61,58,1,0.590448869813647,0.232901532868667
81,65,62,84,84,89,1,0.0201602212873432,1.04930874518946
73,73,62,78,86,69,1,0.287903450050001,1.49915211759436
91,69,70,81,81,78,1,-0.189860592162029,0.71737974967901
76,100,73,78,82,70,1,0.904586885700848,-0.0105555122176433
51,47,75,58,51,56,0,-1.93028952893944,-1.06485256134599
54,72,57,53,46,74,1,-0.0174448414495725,-0.905797238479149
71,47,68,91,71,61,1,-0.792324164292471,0.643820031488827
73,70,74,77,70,58,0,-0.846959075243801,-0.708408781464636
79,71,64,81,48,41,1,-0.154210826709275,-0.308915622901696
75,82,52,73,67,67,1,0.729262961469079,-0.443324406097288
58,65,88,73,42,81,1,-0.361907923712336,-0.776113774899928
78,54,54,40,51,28,0,-0.252777731264818,-1.44730220635167
64,70,78,43,59,45,0,-0.80083267099032,-1.16207585149178
88,96,77,81,82,81,1,1.28370138667123,0.907291135379592
89,69,81,86,78,72,1,0.250393708313358,0.582025972841901
48,66,79,76,61,64,1,-0.405217872855053,0.209063846281148
72,69,77,90,85,79,1,-0.615047451990768,1.61028401989275
77,61,78,84,86,75,1,-0.152513164448463,0.902059906066926
80,85,75,68,75,86,1,0.266469396504442,0.416797403909504
48,86,68,86,86,65,1,0.114904448841225,0.975192681512952
76,75,59,68,64,42,1,0.633808980409618,-0.356327861235943
71,46,69,58,49,41,0,-0.854064772111904,-0.782573422815792
50,73,66,31,66,52,0,-0.189261934055525,-1.33695662222746
67,62,50,46,48,55,0,-0.4113643343452,-1.08859380140458
71,45,89,47,52,60,0,-0.583733121303045,-1.21626716455456
36,50,47,74,58,50,1,-1.32383467603815,-0.152425030488037
78,65,66,74,75,85,1,0.204419767034505,0.680900963795952
66,61,40,88,77,80,1,-0.81901497688676,-0.117026932591052
56,75,53,91,76,50,1,0.00102524163651584,0.259925504316332
94,91,74,77,100,96,1,1.1368682844275,2.13685356522012
71,74,80,42,59,53,1,0.498173427886461,-1.19313994968318
56,54,45,67,70,54,0,-1.38127301953568,-0.234009155322229
53,36,56,1,38,47,0,-2.1333069214049,-2.28566899691327
83,58,80,65,71,60,1,-0.639015331707141,-0.0328226535838094
76,68,80,85,92,74,1,-0.449404201165884,1.26662397096656
91,77,77,69,67,57,1,0.936412834126772,-0.320767691826949
58,72,63,56,73,75,1,0.303278585854258,0.356560394349257
73,41,84,85,79,58,1,-2.17177291495653,0.357025548348663
81,69,51,41,42,59,0,-0.237595610431515,-1.17913570106718
45,42,55,68,68,77,1,-1.19794894767373,-0.198306495330351
56,69,79,82,96,99,1,0.185270878709269,1.29496485267848
63,64,81,75,77,79,1,0.0972500379585532,0.706795615009705
60,69,75,81,66,72,1,-0.258938074953883,0.402602648695706
51,51,44,69,51,76,0,-1.91584632183028,-0.241937311371804
67,63,69,79,90,67,1,-0.267570957673024,1.24800375942549
67,58,76,12,50,62,0,-0.752301766438577,-1.95534152463807
96,75,93,71,69,83,1,1.03421209878831,-0.437680503265411
69,80,79,67,87,90,1,0.672728399707037,-0.0850030875815473
82,80,76,78,77,68,1,2.08731669644606,0.41994913101849
68,75,58,53,67,66,1,0.242358861690483,-0.95303695655209
50,47,57,40,52,42,0,-1.10251972891065,-1.33042662377377
52,37,63,69,70,61,1,-1.57654993448049,0.7402792098437
49,49,64,79,70,57,0,-2.45683643728316,-0.294954634308031
47,52,57,96,85,100,1,-1.55982960131409,0.875316046097306
99,93,79,85,64,78,1,1.06920268685481,-0.325291162371432
44,63,45,78,71,93,1,-0.317292699727551,0.287006710495325
71,60,99,26,54,54,0,-0.23564529425626,-1.38594454821513
